"cities","cenv_Total number of hours of sunshine per day","cenv_Average temperature of warmest month - degrees","cenv_Average temperature of coldest month - degrees","cenv_Rainfall - litre/m²","cenv_Number of days ozone O3 concentrations exceed 120 µg/m³","cenv_Number of hours nitrogen dioxide NO2 concentrations exceed 200 µg/m³","cenv_Number of days particulate matter PM10 concentrations exceed 50 µg/m³","cenv_Accumulated ozone concentration in excess 70 µg/m³","cenv_Annual average concentration of NO2 (µg/m³)","cenv_Annual average concentration of PM10 (µg/m³)","cenv_Total use of water - m³","cenv_Price of a m³ of domestic water - Euro","cenv_Share of the urban wastewater load (in population equivalents) treated according to the applicable standard -%","cenv_Share of population connected to potable drinking water system - %","cenv_Share of population connected to sewerage treatment system - %","cenv_Municipal waste generated (domestic and commercial), total - 1000 t","cenv_Share of land (%): continuous residential urban fabric","cenv_Share of land (%): discontinuous residential urban fabric","cenv_Share of land (%): industrial, commercial, public, military and private units","cenv_Share of land (%): transport infrastructure","cenv_Share of land (%): other artificial areas","cenv_Share of land (%): green urban areas and sports and leisure facilities","cenv_Share of land (%): agricultural areas","cenv_Share of land (%): natural areas","clivcon_Private households (excluding institutional households)","clivcon_Proportion of households that are 1-person households","clivcon_One person households","clivcon_Average size of households","clivcon_Proportion of households that are lone-parent households","clivcon_Lone parent private households (with children aged 0 to under 18)","clivcon_Proportion of households that are lone-pensioner households","clivcon_Lone pensioner (above retirement age) households","clivcon_Proportion of households with children aged 0-17","clivcon_Households with children aged 0 to under 18","clivcon_Lone parent households per 100 households with children aged 0-17","clivcon_Population living in private households (excluding institutional households)","clivcon_Median disposable annual household income - EUR","clivcon_Average disposable annual household income - EUR","clivcon_Share of persons living in households with very low work intensity - %","clivcon_Share of persons at risk of poverty after social transfers -%","clivcon_Share of severely materially deprived persons -%","clivcon_Share of persons at risk of poverty or social exclusion -%","clivcon_Number of conventional dwellings","clivcon_Number of houses","clivcon_Number of apartments","clivcon_Proportion of households living in houses","clivcon_Number of households living in houses","clivcon_Proportion of households living in apartments","clivcon_Number of households living in apartments","clivcon_Proportion of households living in owned dwellings","clivcon_Households owning their own dwelling","clivcon_Households in social housing","clivcon_Households in private rented housing","clivcon_Dwellings lacking basic amenities","clivcon_Average area of living accommodation - m²/person","clivcon_Empty conventional dwellings","clivcon_Number of people in accommodation for the homeless","clivcon_Average annual rent for housing per m² - EUR","clivcon_Average price for buying a house - EUR","clivcon_Average price for buying an apartment - EUR","clivcon_Average price for buying a house per m2 - EUR","clivcon_Average price for buying an apartment per m2 - EUR","clivcon_Number of murders and violent deaths","clma_Activity rate","clma_Activity rate, male","clma_Economically active population, male","clma_Activity rate, female","clma_Economically active population, female","clma_Persons unemployed, total","clma_Unemployment rate, male","clma_Persons unemployed, male","clma_Unemployment rate, female","clma_Persons unemployed, female","clma_Unemployment rate","clma_Economically active population, 55-64, total","clma_Economically active population, 55-64, male","clma_Economically active population, 55-64, female","clma_Economically active population, 20-64, total","clma_Economically active population, 20-64, male","clma_Economically active population, 20-64, female","clma_Persons employed, 20-64, total","clma_Persons employed, 20-64, male","clma_Persons employed, 20-64, female","clma_Persons employed, 55-64, total","clma_Persons employed, 55-64, male","clma_Persons employed, 55-64, female","clma_Employment (jobs) in agriculture, fishery (NACE Rev. 2, A)","clma_Employment (jobs) in mining, manufacturing, energy (NACE Rev. 2, B-E)","clma_Total employment/jobs (workplace based)","clma_Employment (jobs) in construction (NACE Rev. 2, F)","clma_Employment (jobs) in trade, transport, hotels, restaurants (NACE Rev. 2, G to I)","clma_Employment (jobs) in information and communication (NACE Rev. 2, J)","clma_Employment (jobs) in financial and insurance activities (NACE Rev. 2, K)","clma_Employment (jobs) in real estate activities (NACE Rev. 2, L)","clma_Employment (jobs) in professional, scientific and technical activities; administrative and support service activities (NACE Rev. 2, M and N)","clma_Employment (jobs) in public administration, defence, education, human health and social work activities (NACE Rev. 2, O to Q)","clma_Employment (jobs) in arts, entertainment and recreation; other service activities; activities of household and extra-territorial organizations and bodies (NACE Rev. 2, R to T)","cpop1_Population on the 1st of January, total","cpop1_Population on the 1st of January, male","cpopcb_Nationals as a proportion of population","cpopcb_Nationals","cpopcb_EU foreigners as a proportion of population","cpopcb_EU foreigners","cpopcb_Non-EU foreigners as a proportion of population","cpopcb_Non-EU foreigners","cpopcb_Foreigners as a proportion of population","cpopcb_Native-born as a proportion of population","cpopcb_Native-born","cpopcb_Foreign-born as a proportion of population","cpopcb_Foreign-born","cpopcb_Foreign-born in a EU country","cpopcb_Foreign-born in a non-EU country","cpopcb_Foreigners","cpopcb_Population with the place of residence in the same dwelling, in the year before","cpopcb_Population with the place of residence in another dwelling in the same city/FUA, in the year before","cpopcb_Population with the place of residence in another dwelling outside the current city/FUA in the same country, in the year before","cpopcb_Population with the place of residence in another EU country, in the year before","cpopcb_Population with the place of residence outside the EU, in the year before","ctour_Number of cinema seats per 1000 residents","ctour_Number of cinema seats (total capacity)","ctour_Cinema attendance (per year)","ctour_Number of museum visitors (per year)","ctour_Number of theatres","ctour_Number of public libraries (all distribution points)","ctour_Number of public swimming pools (indoor and outdoor, excluding beaches)","ctour_Total nights spent in tourist accommodation establishments","ctour_Number of bed-places in tourist accommodation establishments","ctour_Number of available beds per 1000 residents","ctour_Nights spent in tourist accommodation establishments by residents","ctour_Total nights spent in tourist accommodation establishments per resident population","ctour_Nights spent in tourist accommodation establishments by non-residents","ctran_Share of journeys to work by car -%","ctran_Share of journeys to work by motorcycle -%","ctran_Share of journeys to work by bicycle -%","ctran_Share of journeys to work by foot -%","ctran_Share of journeys to work by public transport (rail, metro, bus, tram) -%","ctran_Share of journeys to work by car or motorcycle -%","ctran_Average time of journey to work - minutes","ctran_Average length of journey to work by private car - km","ctran_Number of registered cars per 1000 population","ctran_Number of private cars registered","ctran_People killed in road accidents per 10000 pop.","ctran_Number of deaths in road accidents","ctran_People commuting into the city","ctran_People commuting out of the city","ctran_Length of bicycle network (dedicated cycle paths and lanes) - km","ctran_Cost of a combined monthly ticket (all modes of public transport) for 5-10 km in the central zone - EUR","ctran_Cost of a taxi ride of 5 km to the centre at day time - EUR"
"Amsterdam (greater city)","","","","",2.5,0.0,3.5,1917.0,22.4,20.6,"",1.69,100.0,100.0,100.0,3877.0,11.82,15.48,11.86,21.51,2.68,14.94,20.44,1.26,583974.0,53.81,314233.0,1.81,4.65,27143.0,12.17,71068.0,17.34,101232.0,26.81,1059850.0,22900.0,29000.0,16.3,22.1,"","",545984.0,90621.0,455363.0,"","","","","","","","","","",31738.0,"","","","","","",340.0,69.0,72.53,341566.0,65.59,320415.0,31449.0,5.03,17183.0,4.45,14266.0,4.75,74000.0,42000.0,33000.0,595153.0,309005.0,286147.0,570835.0,295675.0,275160.0,80799.0,42023.0,38776.0,300.0,28500.0,809100.0,12100.0,180100.0,78000.0,66800.0,10500.0,203400.0,190800.0,32900.0,1073736.0,529669.0,78.0,837590.0,9.7,104160.0,12.3,131986.0,22.0,41.4,444946.0,37.5,402534.0,94082.0,308452.0,236146.0,"","","","","","","","","",50.0,29.0,12.0,12538000.0,55084.0,68.92,"",15.46,"","","","","","","","","",303.16,325509.0,0.16,16.0,262103.0,98218.0,1154.4,"",""
"Antwerpen (greater city)",5.0,17.6,4.2,759.8,"",0.0,19.0,"",28.4,26.1,24472029.0,3.0,99.18,99.0,99.18,212.07,10.55,13.14,8.95,41.74,1.24,6.84,13.68,3.87,243121.0,44.29,107690.0,2.23,5.49,13347.0,13.21,32128.0,24.35,59205.0,22.54,541327.0,"","","","","","",280839.0,82712.0,165345.0,"","","","","","","","","","","",447.0,"",391194.0,267773.0,"","",8.0,52.39,58.62,135106.0,46.24,109977.0,20614.0,7.77,11797.0,6.86,8817.0,7.36,23856.0,14064.0,9792.0,239150.0,131996.0,107154.0,222972.0,122435.0,100537.0,28824.0,16043.0,12781.0,127.0,30081.0,302837.0,9647.0,68980.0,10563.0,11523.0,4119.0,73700.0,82782.0,11315.0,547794.0,275342.0,75.9,415791.0,10.8,59273.0,13.3,72730.0,24.1,65.1,356837.0,34.9,190957.0,48057.0,142900.0,132003.0,464605.0,36712.0,14202.0,"","",24.53,12227.0,2864810.0,2116826.0,42.0,16.0,17.0,725493.0,17658.0,33.32,324744.0,1.37,400749.0,"","","","",20.7,55.89,"","",401.43,219900.0,0.16,9.0,"","",575.8,49.0,15.0
"Barcelona (greater city)","","","","","","","","","","","","","","","","","","","","","","","","",1037593.0,29.83,309495.0,2.48,3.19,33109.0,13.03,135153.0,24.34,252527.0,13.11,2573761.0,"",33112.91,"","","","",1079128.0,92577.0,1394318.0,"","","","","",913120.0,"",304094.0,14152.0,"",147541.0,"",147.02,512620.0,293057.0,2927.0,3612.0,18.0,58.03,62.88,736300.0,53.62,685872.0,112675.0,7.82,57587.0,8.03,55088.0,7.92,256305.0,132090.0,124215.0,1365546.0,706163.0,659383.0,1262114.0,653070.0,609044.0,227987.0,117996.0,109991.0,1547.0,72298.0,1512320.0,78585.0,410218.0,104715.0,57111.0,35255.0,325050.0,339026.0,88515.0,2658830.0,1278458.0,77.3,2055874.0,4.9,129122.0,17.8,473834.0,22.7,67.7,1799709.0,30.9,820283.0,93299.0,726984.0,602956.0,2211203.0,250357.0,44677.0,19894.0,114795.0,14.47,54509.0,8356152.0,"","",74.0,"","","","","","","",37.03,4.28,1.72,14.16,24.29,41.3,27.18,"",278.97,741737.0,0.16,42.0,"","","","",""
"Basel (greater city)","","","","","","","","","","","","","","","","",2.13,26.12,9.74,9.5,1.65,4.89,22.68,23.29,170814.0,43.25,73871.0,2.03,3.17,5486.67,15.81,27003.0,20.53,35074.0,"",345916.0,"","","","","","",193896.0,29928.0,163968.0,16.79,28321.0,83.21,144392.0,25.36,42819.47,"",124239.06,"",43.86,1525.0,"",221.6,"","","","",3.0,60.2,65.58,92762.78,55.19,87871.75,9231.91,6.92,4867.65,5.43,4364.26,6.21,31947.9,17194.93,14752.97,171555.54,87621.06,83934.48,162710.51,82958.05,79752.46,30248.2,16115.97,14132.23,600.0,38910.0,284202.0,13401.0,55236.0,8461.0,13447.0,3936.0,56139.0,78021.0,16051.0,355946.0,172716.0,66.3,236091.0,19.9,70982.0,13.7,48873.0,33.7,60.4,215104.0,39.6,140842.0,70747.0,70095.0,119855.0,"","","","","",9.98,3525.0,605875.0,1448300.0,12.0,84.0,"",1695604.0,10255.99,29.04,649711.0,4.8,1045893.0,26.37,1.77,19.34,7.52,45.0,28.14,33.14,11.85,387.23,136770.0,0.2,7.0,48180.45,23183.99,"",90.0,28.0
"Berlin",5.4,18.6,-0.5,568.1,8.33,0.0,13.5,3356.0,23.0,22.3,206000000.0,1.81,100.0,99.81,99.72,1347.4,5.35,29.28,13.73,10.0,0.59,14.85,5.97,20.22,2009000.0,52.56,1056000.0,0.12,4.73,95000.0,15.43,310000.0,18.91,380000.0,25.0,248000.0,25704.0,32736.0,11.6,19.3,"","",2058666.0,206427.0,1852239.0,17.26,356831.0,75.38,1652700.0,13.75,302223.0,220000.0,1452400.0,"",45.6,111000.0,"",9.3,630540.63,353177.54,5234.18,5225.29,117.0,61.41,66.46,1058000.0,56.61,948000.0,138000.0,7.09,75000.0,6.65,63000.0,6.88,338690.0,177140.0,161560.0,1905000.0,999000.0,906000.0,1777000.0,930000.0,846000.0,321760.0,167750.0,154010.0,802.0,184000.0,2081000.0,109000.0,396000.0,172000.0,62000.0,40000.0,323000.0,514000.0,149000.0,3685265.0,1810259.0,77.5,2856188.0,6.7,247600.0,13.4,494400.0,22.5,85.4,2882800.0,14.6,492400.0,188600.0,440200.0,829077.0,3282800.0,222400.0,59600.0,26000.0,48600.0,11.78,43419.0,8063440.0,15798134.0,26.0,71.0,56.0,12278460.0,134655.0,36.7,8554476.0,3.35,3723984.0,37.7,1.4,12.8,5.8,42.4,39.0,32.5,12.6,282.69,1061565.0,0.15,55.0,321219.0,185723.0,1073473.0,63.42,17.3
"Birmingham","","","","",3.5,0.0,7.0,1716.0,31.9,17.9,"","","","","",490.6,1.6,48.37,15.45,9.05,0.88,16.68,7.39,0.58,423967.0,24.68,98353.0,2.68,7.96,31712.0,8.36,33312.0,36.74,146406.0,21.66,1136572.0,"","","","","","",437350.0,308210.0,114110.0,75.61,310543.0,23.93,98309.0,56.13,230556.0,104177.0,73405.0,"","",4283.0,"","",232961.1,153121.0,"","",18.0,59.15,67.36,294900.0,51.29,234100.0,40700.0,6.92,20400.0,8.67,20300.0,7.7,61500.0,35000.0,26600.0,498200.0,278300.0,219900.0,463200.0,260100.0,203000.0,61600.0,31500.0,25400.0,400.0,41813.0,520039.0,20000.0,128700.0,14000.0,23000.0,10000.0,97600.0,163100.0,21800.0,1139249.0,563944.0,85.5,973780.0,8.3,94015.0,6.0,68777.0,14.3,74.2,845706.0,25.5,290244.0,74991.0,215253.0,162792.0,"","","","","",12.19,13081.0,"",730000.0,8.0,42.0,16.0,"",25184.0,23.32,"","","",63.8,0.5,1.6,10.4,23.0,64.3,"","",330.57,376607.0,0.12,14.0,"","",233.0,102.67,""
"Bratislava (greater city)","","","","",28.0,1.0,13.5,4837.0,24.0,23.0,32325647.0,2.23,"",86.2,94.6,211.69,3.04,8.82,10.72,6.52,1.53,3.74,37.43,28.2,162179.0,"",51599.0,"","",7198.0,"",17924.0,"",36751.0,"",396669.0,"","","","","","",219297.0,22056.0,176254.0,"",18528.0,"",143587.0,"",137847.0,1111.0,3443.0,"",26.1,7003.0,"","",339815.0,170368.0,1903.0,3068.0,7.0,"","",112424.0,"",110013.0,18861.0,"",10116.0,"",8745.0,"",38755.0,19572.0,19183.0,213664.0,107866.0,105798.0,"","","",36222.0,18209.0,18013.0,1295.0,55140.0,534528.0,21479.0,128423.0,41508.0,22261.0,12032.0,99735.0,129281.0,23374.0,475577.0,227293.0,96.7,459900.0,1.9,8821.0,1.4,6576.0,3.2,92.5,439795.0,6.7,31858.0,21190.0,10668.0,15397.0,"","",6539.0,482.0,508.0,21.39,9363.0,547143.0,314693.0,53.0,15.0,9.0,916148.0,19129.0,43.7,496056.0,2.09,420092.0,"","","","","","",23.5,"",400.28,190336.0,0.16,7.0,141694.0,12931.0,122.06,26.9,4.59
"Brno","","","","",19.0,0.0,20.0,3982.0,17.4,24.2,"",2.71,1.0,1.0,98.0,119.22,"","","","","","","","",172260.0,36.68,63189.0,2.16,"","","","","","","",372679.0,5250.0,5556.0,5.0,10.0,4.0,14.0,177465.0,38076.0,137442.0,"","","","","","","","",14413.0,22.7,13869.0,225.0,90.0,713.0,1615.0,"","",6.0,59.17,65.29,102049.0,53.58,91571.0,18138.0,9.12,9304.0,9.65,8834.0,9.37,"","","","","","",169359.0,88994.0,80365.0,27016.0,14438.0,12578.0,"","","","","","","","","","","",379466.0,184748.0,94.7,359009.0,2.2,8335.0,3.8,14291.0,6.0,92.8,351557.0,8.7,32785.0,16700.0,16058.0,22626.0,"","","","","",10.03,3800.0,490000.0,464100.0,16.0,41.0,14.0,722915.0,9601.0,25.33,"",1.91,"","","","","","","",36.0,"",424.73,160959.0,0.21,8.0,55778.0,11467.0,39.0,21.87,7.16
"Bruxelles/Brussel (greater city)",5.0,17.6,4.0,815.7,10.33,1.25,14.7,2390.0,30.3,24.2,59317300.0,3.0,100.0,100.0,99.8,683.12,16.19,26.77,15.27,13.97,0.94,13.16,2.48,11.22,583832.0,47.78,278975.0,2.14,6.89,40212.0,11.2,65415.0,24.66,143998.0,27.93,1250211.0,"","","","","","",606437.0,124975.0,360076.0,"","","","","","","","","","","",2692.0,"",610516.0,300085.0,"","",34.0,52.68,59.75,285167.0,46.03,247784.0,68381.0,11.56,38611.0,11.9,29770.0,11.72,47434.0,26229.0,21205.0,525329.0,280714.0,244615.0,465251.0,249227.0,216024.0,60539.0,32153.0,28387.0,284.0,26514.0,735305.0,23630.0,125504.0,41175.0,54619.0,12965.0,140822.0,265522.0,44270.0,1264371.0,623076.0,62.1,785550.0,22.9,288959.0,15.0,189862.0,37.9,50.9,643432.0,49.1,620939.0,239111.0,381828.0,478821.0,1051728.0,101358.0,22244.0,"","",12.57,14289.0,3752513.0,5020000.0,97.0,67.0,16.0,1782873.0,40465.0,33.08,499008.0,1.46,1283865.0,48.5,1.2,1.9,4.1,40.3,49.7,"","",394.55,498855.0,0.09,11.0,"","",513.0,60.0,15.0
"Budapest (greater city)","",23.9,-1.0,815.2,21.0,0.0,26.0,3973.0,23.4,27.7,116210860.0,1.9,91.2,100.0,95.45,374.0,15.07,23.05,13.19,10.73,1.62,8.17,18.21,9.97,800394.0,44.86,359029.0,2.06,5.74,45917.0,16.03,128326.0,19.66,157323.0,29.19,1649103.0,"","","","","","",973656.0,187196.0,717182.0,"","",3.19,26623.0,82.7,689530.0,40052.0,98652.0,19010.0,31.05,160723.0,5077.0,"",217853.2,142480.55,2031.63,2620.31,14.0,60.41,68.26,478369.0,53.84,471728.0,20811.0,1.59,9337.0,2.12,11474.0,1.85,127501.0,65498.0,62003.0,891419.0,447708.0,443711.0,857137.0,430354.0,426783.0,121372.0,61999.0,59373.0,4669.0,123181.0,1219426.0,74175.0,290631.0,101878.0,60994.0,20147.0,201886.0,271536.0,69095.0,1686222.0,792495.0,93.2,1572258.0,1.4,23540.0,5.4,90424.0,6.8,86.9,1465856.0,13.1,220366.0,86449.0,133917.0,113964.0,1524181.0,41229.0,99965.0,4684.0,15283.0,16.54,27892.0,5513958.0,4606246.0,131.0,240.0,"",2418305.0,37553.0,21.46,4251891.0,1.38,1833586.0,"","","","","","","","",428.99,723372.0,0.23,38.0,"","",213.0,22.65,7.59
"Cork (greater city)","","","","","","",1.0,"","",13.3,"","","",93.0,92.0,"","","","","","","","","",46964.0,"",13735.0,"","",3017.0,"",3768.0,"",11366.0,"",115071.0,"","","","","","",55155.0,42629.0,11262.0,"",38079.0,"",7767.0,"",25105.0,7279.0,12808.0,52.0,"",8045.0,247.0,"","","","","",1.0,"","",30400.0,"",23300.0,10600.0,"",7700.0,"",2900.0,"",6000.0,3400.0,2600.0,51100.0,28300.0,22800.0,42200.0,22100.0,20100.0,5200.0,2900.0,2300.0,119.0,7625.0,67771.0,1652.0,16826.0,2553.0,2536.0,377.0,6677.0,26453.0,2953.0,118713.0,58633.0,"",100813.0,"",10285.0,"",7615.0,"","",98266.0,"",20447.0,12782.0,7665.0,17900.0,"","","","","","",4962.0,1270000.0,204275.0,8.0,9.0,3.0,"","","","","","",59.9,0.7,2.9,23.3,9.2,60.5,20.4,11.1,"",58357.0,"",3.0,39006.0,10419.0,14.6,"",10.0
"Debrecen","",22.5,-1.7,844.8,17.0,0.0,22.0,4412.0,19.2,26.7,11509090.0,1.68,100.0,94.88,87.74,52.0,"","","","","","","","",87721.0,38.37,33661.0,2.21,5.57,4882.0,15.43,13538.0,22.38,19629.0,24.87,194043.0,"","","","","","",100621.0,37767.0,56647.0,"","",3.0,2660.0,84.33,74679.0,3455.0,10230.0,2824.0,30.94,12168.0,219.0,"",171588.88,112537.1,1568.52,2064.5,0.0,56.97,65.11,52640.0,50.05,50098.0,3685.0,3.85,1737.0,4.94,1948.0,4.38,14710.0,7591.0,7119.0,97516.0,49716.0,47800.0,92420.0,47169.0,45251.0,13944.0,7162.0,6782.0,1840.0,22305.0,125844.0,10280.0,29880.0,5717.0,2053.0,1195.0,13703.0,33189.0,5676.0,201704.0,95717.0,95.7,192938.0,0.4,869.0,3.9,7897.0,4.3,90.4,182393.0,9.6,19311.0,7798.0,11513.0,8766.0,181515.0,10243.0,6201.0,450.0,1449.0,10.5,2117.0,463501.0,465848.0,4.0,20.0,"",198548.0,4330.0,21.53,255895.0,0.99,57347.0,"","","","","","","","",404.21,81531.0,0.4,8.0,"","",123.0,21.13,6.71
"Dublin (greater city)","","","","","","","","","","","","","",94.0,93.0,"","","","","","","","","",463701.0,"",111265.0,"","",31902.0,"",28617.0,"",150495.0,"",1231252.0,"","","","","","",524683.0,372672.0,137921.0,"",345681.0,"",106690.0,"",289094.0,42642.0,117847.0,470.0,"",58222.0,2316.0,"","","","","",17.0,"","",346200.0,"",285300.0,94100.0,"",65300.0,"",28800.0,"",65800.0,37200.0,28600.0,603600.0,323500.0,280100.0,531300.0,275200.0,256100.0,61200.0,33400.0,27800.0,1861.0,44987.0,580978.0,20245.0,149614.0,40791.0,59140.0,3826.0,70239.0,164183.0,26092.0,1325700.0,615293.0,"",1029809.0,"",118334.0,"",113189.0,"","",995812.0,"",265520.0,138473.0,127047.0,231523.0,"","","","","","",29346.0,7110000.0,2393943.0,22.0,50.0,17.0,"","","","","","",55.6,1.0,5.3,13.5,21.0,56.5,28.8,10.3,"",411836.0,"",11.0,276434.0,194385.0,517.0,"",12.0
"Geneva (greater city)","","","","","","","","","","","","","","","","",3.5,39.46,16.99,9.19,1.1,9.98,16.78,3.0,182365.0,40.18,73277.0,2.23,4.64,8676.58,12.88,23495.0,25.54,46580.0,"",406379.0,"","","","","","",212326.0,12352.0,199974.0,6.5,11268.0,93.5,167576.0,13.09,23905.79,"",148869.29,"",35.97,959.0,"",243.3,"","","","",3.0,60.73,65.91,102399.99,55.99,96862.97,22022.81,13.38,11438.67,13.03,10584.15,13.21,33086.71,17745.49,15341.23,192366.67,97968.42,94398.24,170932.65,86887.62,84045.03,29515.92,15610.92,13905.01,698.0,23705.0,349085.0,17073.0,75585.0,13985.0,29561.0,7694.0,69031.0,90408.0,21345.0,437406.0,211527.0,56.1,245522.0,25.1,109934.0,18.7,81950.0,43.9,46.0,201096.0,54.0,236310.0,108543.0,127767.0,191884.0,"","","","","",14.15,6110.0,1092659.0,1007900.0,13.0,67.0,"",3715068.0,19346.93,44.81,1000029.0,8.61,2715039.0,20.86,6.0,11.71,11.62,49.82,26.86,36.08,11.2,380.55,164293.0,0.21,9.0,47647.22,15544.68,"",73.0,23.0
"Gent",5.0,17.2,4.2,749.7,4.0,0.0,34.0,1735.0,31.5,29.9,14575149.0,4.0,89.86,"",96.43,92.76,"","","","","","","","",122449.0,41.06,50278.0,2.17,4.63,5675.0,12.41,15197.0,22.29,27290.0,20.8,265983.0,"","","","","","",152605.0,75851.0,64220.0,"","","","","","","","","","","",421.0,"",418158.0,323371.0,"","",2.0,56.72,61.43,70980.0,52.09,61866.0,8531.0,6.03,5029.0,4.58,3502.0,5.36,12234.0,6832.0,5402.0,130238.0,69562.0,60676.0,123847.0,65648.0,58199.0,15603.0,8293.0,7310.0,313.0,31223.0,215964.0,7767.0,31370.0,9768.0,4744.0,1928.0,50145.0,71801.0,6905.0,270133.0,134855.0,82.5,222832.0,9.2,24887.0,8.3,22414.0,17.5,75.0,202485.0,25.0,67648.0,22870.0,44778.0,47301.0,228271.0,19620.0,9748.0,"","",18.94,4703.0,1332281.0,626201.0,31.0,17.0,6.0,501209.0,1431.0,5.43,220051.0,1.9,281158.0,"","","","",14.27,64.56,"","",400.4,108162.0,0.56,15.0,"","",496.3,49.0,16.0
"Glasgow","","","","",0.0,0.0,2.0,265.0,34.5,16.6,"","","","","",250.04,"","","","","","","","",277039.0,38.89,107748.0,2.12,5.59,15487.0,11.9,32958.0,21.49,59524.0,26.02,610610.0,"","","","","","",311447.0,83682.0,225204.0,28.39,81112.0,71.27,203603.0,48.27,139764.0,105538.0,57543.0,"","",6803.0,2021.0,"",216451.48,128513.0,"","",11.0,56.85,60.96,156200.0,53.0,144800.0,18600.0,5.12,8000.0,7.32,10600.0,6.18,31900.0,16800.0,15100.0,288700.0,149600.0,139200.0,272700.0,142000.0,130800.0,35800.0,15500.0,13800.0,75.0,24192.0,416286.0,18000.0,95100.0,20000.0,24000.0,9000.0,90700.0,116400.0,19000.0,623715.0,304432.0,84.8,529063.0,4.9,30596.0,8.2,50951.0,13.1,82.5,514811.0,15.4,95799.0,31008.0,64791.0,81547.0,"","","","","","","","","","",33.0,13.0,"","","","","","",52.98,0.18,1.82,13.4,30.87,53.16,"","",291.15,181596.0,0.13,8.0,"","","","",""
"Graz","","","","",27.5,0.0,19.0,5359.0,28.8,23.0,"","","","","","","","","","","","","","",135193.0,46.31,62604.0,1.98,3.93,5312.0,12.59,17021.0,18.42,24909.0,21.33,267717.0,"","","","","","",151324.0,"","","","","","","","","","","","","","","","","","","","",59.14,64.57,73178.0,54.1,66126.0,12514.0,9.61,7030.0,8.29,5484.0,8.98,14370.0,8009.0,6361.0,132609.0,69325.0,63284.0,120830.0,62726.0,58104.0,13316.0,7282.0,6034.0,"","",185152.0,"","","","","","","","",269997.0,131145.0,82.6,223045.0,8.4,22667.0,9.0,24285.0,17.4,78.0,210527.0,22.0,59470.0,26072.0,33398.0,46952.0,"","","","","","","","","","","","",994040.0,7068.0,26.18,"",3.68,"","","","","","","","","","","",0.33,9.0,"","","","",""
"Hamburg",4.5,17.2,1.4,715.8,3.5,0.0,6.6,2576.0,22.7,19.6,98353000.0,1.83,100.0,100.0,99.31,765.9,9.77,19.29,10.89,11.9,0.99,12.18,27.43,7.55,986000.0,49.7,566871.0,1.76,4.56,47205.0,14.1,140509.0,19.68,188425.0,25.05,1828700.0,28416.0,36300.0,10.8,15.1,"","",1004826.0,190303.0,814523.0,17.65,183849.0,76.44,796310.0,19.12,199212.0,75716.0,664700.0,"",45.5,53000.0,2875.0,11.0,710831.33,426992.55,5615.61,6122.37,40.0,62.41,67.15,545000.0,57.93,496000.0,60000.0,6.06,33000.0,5.24,26000.0,5.76,164950.0,86270.0,78680.0,983000.0,513000.0,471000.0,927000.0,482000.0,445000.0,159160.0,82415.0,76745.0,2313.0,174000.0,1275000.0,57000.0,296000.0,86000.0,56000.0,25000.0,206000.0,260000.0,59000.0,1862565.0,911888.0,80.7,1503444.0,5.9,111600.0,13.3,251700.0,19.3,71.9,1359800.0,27.9,527400.0,146300.0,381100.0,359121.0,1743800.0,"",54800.0,11800.0,23200.0,10.68,19900.0,3271977.0,2291535.0,18.0,36.0,27.0,6796976.0,68224.0,36.93,5651442.0,3.68,1145534.0,41.1,0.9,11.6,6.0,40.4,41.9,30.1,11.9,341.23,645645.0,0.21,39.0,354483.0,129424.0,652197.0,89.5,15.9
"Košice (greater city)","","","","",17.0,0.0,28.0,5351.0,32.3,27.0,10134975.0,2.79,"",90.6,95.4,100.43,4.46,4.45,9.57,5.08,1.54,4.65,36.73,33.51,81186.0,"",19719.0,"","",2953.0,"",7991.0,"",18889.0,"",232588.0,"","","","","","",93024.0,11269.0,76915.0,"",9954.0,"",71187.0,"",64802.0,44.0,1914.0,8204.0,19.0,4353.0,"","",240880.0,111764.0,823.0,1874.0,1.0,"","",56532.0,"",52733.0,14892.0,"",8035.0,"",6857.0,"",15566.0,8167.0,7399.0,106260.0,55003.0,51257.0,"","","",14168.0,7372.0,6796.0,436.0,27152.0,112684.0,6636.0,25850.0,10304.0,1699.0,2029.0,13179.0,20254.0,5145.0,227458.0,108717.0,98.9,226494.0,0.5,1128.0,0.5,1254.0,1.0,94.9,217432.0,4.8,10887.0,6832.0,4055.0,2382.0,"","",1679.0,238.0,85.0,9.38,2239.0,168103.0,65943.0,8.0,2.0,1.0,240651.0,6452.0,27.04,174687.0,1.01,65964.0,"","","","","","",19.2,"",317.52,72724.0,0.13,3.0,53553.0,9956.0,180.7,25.0,4.65
"Kraków","",20.2,-1.4,619.0,4.0,0.0,121.0,2078.0,26.1,46.8,56845500.0,0.99,"","","",394.2,"","","","","","","","",320925.0,35.14,112782.0,2.32,3.21,10295.0,11.99,38468.0,23.62,75801.0,13.58,744255.0,"","","","","","",458246.0,"","","","","","","","","","",7429.0,32.8,21028.0,538.0,"",161860.0,1572.0,"","",11.0,"","","","","",9963.0,"",5083.0,"",4880.0,"","","","","","","","","","","","","",351.0,45753.0,525738.0,21543.0,78808.0,31141.0,17040.0,4597.0,57806.0,91360.0,6718.0,806201.0,376279.0,99.5,755469.0,0.1,689.0,0.2,1453.0,0.3,98.1,744368.0,1.7,13243.0,4844.0,8399.0,2142.0,"","","","","",14.74,11883.0,3146717.0,6123333.0,14.0,71.0,15.0,1820788.0,28153.0,35.17,"",2.27,"","","","","","","","","",722.86,582769.0,0.12,10.0,"","",318.8,22.06,3.71
"Limerick (greater city)","","","","",1.0,0.0,"",1285.0,12.4,"","","","",94.0,93.0,"","","","","","","","","",22203.0,"",6388.0,"","",1879.0,"",1649.0,"",6451.0,"",55025.0,"","","","","","",26392.0,19765.0,5996.0,"",17788.0,"",3881.0,"",13178.0,2747.0,5455.0,24.0,"",4092.0,228.0,"","","","","",4.0,"","",14100.0,"",10800.0,6400.0,"",4500.0,"",1900.0,"",2900.0,1600.0,1300.0,23600.0,13000.0,10600.0,18000.0,9400.0,8600.0,2400.0,1300.0,1100.0,77.0,1352.0,25867.0,790.0,8202.0,808.0,997.0,185.0,2905.0,9185.0,1366.0,56980.0,27897.0,"",48816.0,"",4968.0,"",3196.0,"","",47901.0,"",9079.0,6008.0,3071.0,8164.0,"","","","","","",1213.0,"",97373.0,2.0,4.0,2.0,"","","","","","",65.0,0.3,2.8,22.4,5.3,65.3,19.7,12.5,"",21369.0,"",1.0,15213.0,6182.0,15.7,"",10.0
"Linz (greater city)","","","","",14.0,0.0,21.0,3233.0,27.3,24.4,"","","","","","","","","","","","","","",103131.0,51.74,53362.0,1.86,4.93,5086.0,14.88,15347.0,18.13,18702.0,27.19,192169.0,"","","","","","",112867.0,"","","","","","","","","","","","","","","","","","","","",60.04,66.5,52955.0,54.24,48041.0,8170.0,8.56,4535.0,7.57,3635.0,8.09,10881.0,6246.0,4635.0,95581.0,49938.0,45643.0,87888.0,45675.0,42213.0,10015.0,5659.0,4356.0,"","",177800.0,"","","","","","","","",193814.0,92693.0,82.6,160024.0,6.4,12457.0,11.0,21333.0,17.4,76.1,147466.0,23.9,46348.0,16306.0,30042.0,33790.0,"","","","","","","","","","","","",765235.0,5599.0,28.89,"",3.95,"","","","","","","","","","","",0.41,8.0,"","","","",""
"Lisboa (greater city)","","","","","","","","","","","","","","","",1031.17,"","","","","","","","",795188.0,30.01,238652.0,2.33,2.79,22189.0,42.68,339377.0,14.98,119130.0,18.63,1856343.0,"","","","","","",1011890.0,160385.0,84775.0,"",136292.0,"",634499.0,60.69,482598.0,42888.0,254533.0,6173.0,40.51,794071.0,"",14.0,583685.42,323965.26,3333.82,3480.88,22.0,"","",455882.0,"",433115.0,78397.0,8.29,37771.0,9.38,40626.0,8.82,126737.0,63060.0,63677.0,855069.0,414447.0,440622.0,778821.0,377884.0,400937.0,111151.0,54659.0,56492.0,10878.0,58638.0,343994.0,67090.0,376670.0,101365.0,36752.0,33614.0,349970.0,99847.0,47668.0,1965363.0,922885.0,99.5,1874746.0,3.6,68255.0,16.6,314385.0,20.2,82.3,1549745.0,17.3,325001.0,57926.0,267075.0,382640.0,1566497.0,195686.0,56831.0,7572.0,4396.0,13.31,25765.0,4527541.0,4526233.0,77.0,"","",4425742.0,49586.0,26.15,1387199.0,2.33,3038543.0,55.28,0.97,0.18,8.58,33.76,56.26,33.24,"","","",0.18,34.0,637113.0,435522.0,"",49.3,""
"Ljubljana","","","","",29.0,0.0,23.0,5528.0,28.5,24.9,28446351.0,0.58,13.0,100.0,89.0,212.0,"","","","","","","","",130575.0,42.51,55512.0,2.17,5.05,6597.0,13.93,18184.0,22.84,29821.0,22.12,283299.0,"","","","","","",129816.0,33605.0,93333.0,29.74,37095.0,65.46,81641.0,62.49,78106.0,7510.0,4485.0,2177.0,27.4,23050.0,226.0,"",386555.0,237503.0,3123.0,4013.0,7.0,54.22,59.46,73550.0,49.43,65909.0,7669.0,5.57,4094.0,5.42,3575.0,5.5,18594.0,10417.0,8177.0,136856.0,71866.0,64990.0,129272.0,67827.0,61445.0,18056.0,8309.0,7034.0,528.0,26192.0,248432.0,14426.0,58180.0,20063.0,12219.0,2548.0,37568.0,65558.0,11150.0,297575.0,144220.0,86.1,256288.0,1.3,3778.0,12.6,37509.0,13.9,77.2,229600.0,22.8,67975.0,9925.0,58050.0,41287.0,270076.0,418.0,14289.0,1647.0,5395.0,8.99,2675.0,674507.0,1186285.0,12.0,30.0,3.0,540195.0,15822.0,53.54,78629.0,1.83,461566.0,75.0,"","","",9.6,75.6,30.36,26.49,546.43,162605.0,0.07,2.0,"","",362.0,37.0,6.2
"London","","","","",0.8,0.0,5.5,780.0,36.7,18.5,"","","","","",3582.91,"","","","","","","","",3512847.0,26.98,903222.0,2.53,7.32,244956.0,10.13,339097.0,33.42,1118728.0,21.9,8896546.0,"","","","","","",3556180.0,1584710.0,1968790.0,48.34,1579008.0,50.49,1649118.0,49.55,1618315.0,785993.0,819085.0,"","",22481.0,"","","",16564169.0,"","",141.0,68.13,74.97,2652800.0,61.39,2208400.0,241600.0,4.82,127900.0,6.32,137400.0,4.97,491600.0,266000.0,225600.0,4581100.0,2496200.0,2084900.0,4370200.0,2388500.0,1981600.0,550200.0,249100.0,214300.0,600.0,139400.0,5280836.0,189400.0,1292500.0,414600.0,367700.0,145600.0,1318100.0,1142800.0,257100.0,8866541.0,4423889.0,78.4,6406780.0,11.2,913775.0,10.4,853395.0,21.6,63.3,5175677.0,36.7,2998264.0,840940.0,2157324.0,1767150.0,"","","","","","","","","","","",130.0,"","","","","","",31.9,1.2,4.3,9.3,52.6,33.1,"","",282.79,2507333.0,0.13,112.0,"","","","",""
"Luxembourg (greater city)","","","","",5.0,0.0,2.0,1545.0,33.5,20.8,"","","","","","",5.38,15.61,12.89,9.5,1.61,5.58,19.52,29.92,"","","","","","","","","","","","","","","","","","","","","","","","","","","","","","","","","","","","","","","","","","","","","","","","","","","","","","","","","","","","","","","","","","","","","","","","","",115227.0,47792.0,"","","","","","","","","","","","","","","","","","","","","","","","","","","","","","","","","","","","","","","","","","","","","","","","",""
"Lyon (greater city)","","","","",18.25,0.0,24.3,3359.0,30.6,24.1,"","","",100.0,"",449.0,7.15,24.43,14.35,10.59,1.61,6.77,24.88,10.22,613116.0,45.16,276860.0,2.07,5.68,34494.0,12.92,78447.0,23.8,144463.0,23.88,1268972.0,22900.0,26650.0,15.2,16.6,"","",693194.0,87214.0,595218.0,13.35,81854.0,85.06,521499.0,41.04,251600.0,121341.0,225879.0,2310.0,41.0,54200.0,468.0,"",546193.0,255839.0,5161.0,4130.0,21.0,59.72,64.74,327830.0,55.28,316632.0,77508.0,11.53,37805.0,12.54,39703.0,12.03,78777.0,38624.0,40152.0,619804.0,314395.0,305409.0,547606.0,279317.0,268289.0,70940.0,34513.0,36427.0,718.0,69281.0,701063.0,35826.0,143023.0,45324.0,28986.0,13508.0,125951.0,204137.0,34307.0,1296104.0,618834.0,88.0,1140622.0,2.7,34716.0,9.3,120766.0,12.0,80.0,1036804.0,20.0,259300.0,43252.0,216048.0,155482.0,1121461.0,97070.0,23216.0,2785.0,7604.0,20.04,25975.0,4254221.0,42654.0,41.0,67.0,44.0,5963727.0,35806.0,28.19,"",4.6,"",49.0,1.5,6.7,10.1,32.7,50.5,29.0,14.0,431.68,559497.0,0.15,19.0,212389.0,84197.0,"","",12.8
"Madrid (greater city)","","","","",38.27,2.4,2.1,5779.0,30.3,17.7,215665633.0,1.77,"","","",1266.44,8.98,12.3,8.32,9.57,8.46,10.87,4.62,36.88,1735412.0,29.45,511101.0,2.55,2.87,49809.0,12.4,215193.0,24.7,428663.0,11.62,4426967.0,"",23681.0,"","","","",1935988.0,38317.0,1492640.0,"","","","",73.2,966566.0,"",264131.0,11343.0,33.47,153101.0,"",160.81,803128.0,354705.0,3689.0,3931.0,12.0,59.55,65.53,1206772.0,54.32,1197760.0,214152.0,9.04,109042.0,8.78,105110.0,8.91,355443.0,182130.0,173312.0,2308318.0,1157540.0,1150778.0,2104493.0,1054317.0,1050176.0,309086.0,161436.0,147650.0,13523.0,143118.0,3101217.0,205036.0,775812.0,287211.0,91370.0,55834.0,714780.0,646812.0,167721.0,4501429.0,2122932.0,83.0,3736308.0,3.4,155013.0,13.6,610108.0,17.0,72.8,3279216.0,26.1,1173360.0,125045.0,1048315.0,765121.0,3667156.0,544827.0,80413.0,17226.0,159316.0,17.33,88639.0,12845670.0,9993816.0,52.0,107.0,57.0,22751955.0,100676.0,20.08,8332319.0,4.54,14419636.0,"","","","","",40.6,31.21,"",396.65,1785501.0,0.15,66.0,"","",284.0,51.3,""
"Maribor","","","","","","","","","","",9499679.0,0.75,10.0,94.0,90.0,69.0,"","","","","","","","",53605.0,43.9,23534.0,2.04,4.85,2601.0,16.12,8640.0,20.15,10801.0,24.08,109433.0,"","","","","","",52893.0,16699.0,35616.0,33.61,17323.0,61.09,31489.0,61.69,31618.0,3760.0,1487.0,1027.0,29.2,9121.0,65.0,"",204259.0,121286.0,1757.0,2277.0,0.0,50.6,56.36,28634.0,45.13,22263.0,3921.0,7.01,2007.0,8.6,1914.0,7.7,7381.0,4431.0,2950.0,49929.0,27988.0,21941.0,46097.0,26027.0,20070.0,6845.0,3383.0,2366.0,207.0,13269.0,64719.0,5257.0,12766.0,2536.0,1250.0,498.0,9044.0,17316.0,2576.0,113747.0,56740.0,84.6,96252.0,1.2,1394.0,14.2,16101.0,15.4,78.2,88950.0,21.8,24797.0,4680.0,20117.0,17495.0,103244.0,762.0,5748.0,782.0,2350.0,37.16,4227.0,279082.0,327121.0,3.0,22.0,2.0,196397.0,4989.0,44.28,43054.0,1.74,153343.0,82.6,"","","","",82.6,22.38,19.39,521.72,59344.0,0.18,2.0,"","",146.0,36.0,7.23
"Marseille (greater city)","","","","",20.0,0.0,22.0,4853.0,33.0,29.2,"","","",100.0,"",432.0,"","","","","","","","",457182.0,43.19,197451.0,2.09,7.91,35815.0,15.51,70208.0,25.19,113976.0,31.42,955006.0,20380.0,23430.0,21.7,23.7,"","",512725.0,92359.0,416566.0,18.76,85790.0,80.57,368351.0,44.55,203656.0,73521.0,168498.0,1517.0,40.0,38879.0,627.0,"",487697.0,188949.0,5455.0,3276.0,30.0,52.55,57.28,217818.0,48.42,209245.0,57388.0,13.33,29035.0,13.55,28353.0,13.44,64245.0,31847.0,32398.0,409775.0,207767.0,202008.0,355466.0,180378.0,175087.0,56707.0,27882.0,28826.0,552.0,22635.0,406824.0,22973.0,90858.0,11514.0,14970.0,9186.0,54663.0,156232.0,23240.0,976483.0,464284.0,88.9,868252.0,1.5,14959.0,9.6,93272.0,11.1,77.2,754080.0,22.8,222403.0,23711.0,198692.0,108231.0,880104.0,58484.0,12163.0,845.0,3071.0,12.61,12312.0,2087414.0,281485.0,2.0,15.0,35.0,4168918.0,21718.0,22.67,"",4.27,"",57.6,5.3,2.0,9.3,25.7,63.0,35.0,19.0,427.17,417126.0,0.34,33.0,84252.0,48594.0,"","",13.25
"Milano (greater city)","","","","","","","","","","",476100893.0,"","","","",1650.77,"","","","","","","","",1720886.0,31.77,591071.0,2.07,3.68,68559.0,"","",43.51,809483.0,8.47,3561155.0,"","","","","","",1696845.0,1822581.0,"",92.25,1716307.0,"","",67.66,1258836.0,"",355113.0,15684.0,39.37,123957.0,"","","","","","",9.0,49.96,56.88,972087.0,43.55,815027.0,100060.0,4.93,47919.0,6.4,52142.0,5.6,379138.0,204241.0,174896.0,1704212.0,918196.0,786016.0,1610793.0,873671.0,737122.0,359947.0,195568.0,164379.0,14393.0,258237.0,1758000.0,106353.0,537922.0,139589.0,96405.0,35729.0,423508.0,161821.0,57070.0,3565055.0,1740275.0,85.4,3042917.0,2.2,77626.0,12.5,444512.0,14.6,83.0,2959946.0,17.0,605109.0,79832.0,525277.0,522138.0,"","","","","","","","",5203957.0,"",233.0,"",17667773.0,138408.0,38.83,5622875.0,4.96,12044898.0,59.07,4.77,4.75,8.26,23.13,63.84,34.8,"",585.18,2086015.0,0.29,102.0,1031817.0,742995.0,312.0,"",""
"München",5.8,20.0,1.0,972.3,21.0,0.0,9.5,3541.0,26.7,18.9,93127000.0,1.64,100.0,100.0,99.93,545.2,9.0,27.11,13.92,10.85,2.15,14.14,17.57,5.25,806000.0,50.37,452585.0,0.35,2.98,30491.0,14.14,110366.0,18.11,151569.0,20.12,1473000.0,33972.0,43452.0,6.4,11.0,"","",842898.0,93478.0,749420.0,12.77,105492.0,82.85,684219.0,20.92,172756.0,44000.0,518800.0,"",44.4,"",3052.0,14.8,1399882.15,652647.63,10678.11,9427.65,10.0,64.44,70.23,477000.0,59.03,441000.0,40000.0,4.19,20000.0,4.54,20000.0,4.36,116247.0,59513.0,56734.0,866000.0,449000.0,417000.0,828000.0,430000.0,398000.0,112724.0,57497.0,55226.0,961.0,166000.0,1166000.0,40000.0,198000.0,122000.0,70000.0,15464.0,191000.0,237000.0,74000.0,1505005.0,737442.0,71.5,1076575.0,12.4,187600.0,15.5,235000.0,28.5,67.3,1017700.0,32.7,494800.0,187700.0,307100.0,428430.0,1309400.0,83900.0,51000.0,14800.0,37300.0,9.93,14939.0,2917226.0,5515736.0,13.0,64.0,17.0,7034040.0,80072.0,53.95,4814745.0,4.74,2219295.0,35.4,1.4,12.8,6.4,44.0,36.8,26.9,11.3,345.61,522736.0,0.11,16.0,393827.0,186104.0,525439.0,62.5,17.0
"Napoli (greater city)","","","","","","","","","","",233852851.0,"","","","",1456.14,"","","","","","","","",1074435.0,20.56,224115.0,2.61,6.54,71299.0,"","",50.65,552143.0,12.91,2801272.0,"","","","","","",1041100.0,1170535.0,"",96.17,1048324.0,"","",54.73,596642.0,"",330505.0,23664.0,30.49,128976.0,"","","","","","",14.0,43.94,56.33,698781.0,32.49,435470.0,152017.0,11.31,79009.0,16.77,73008.0,13.4,233596.0,148834.0,84762.0,1076156.0,658925.0,417230.0,933668.0,585015.0,348653.0,210099.0,136093.0,74006.0,48030.0,110510.0,656565.0,60170.0,261722.0,25251.0,14551.0,6443.0,104787.0,131779.0,25335.0,2977204.0,1446178.0,95.7,2849045.0,0.5,15608.0,3.8,112551.0,4.3,95.3,2837888.0,4.7,139316.0,22107.0,117209.0,128159.0,"","","","","","","","",8946728.0,"",165.0,"",5760243.0,44829.0,15.03,2742190.0,1.93,3018053.0,59.31,5.88,0.99,17.28,16.51,65.2,28.11,"",644.58,1922891.0,0.34,100.0,470183.0,457396.0,19.2,"",""
"Ostrava","","","","",23.0,0.0,84.0,4314.0,21.7,40.8,"",2.63,1.0,1.0,90.0,100.89,8.13,10.8,15.1,7.76,2.66,8.53,32.01,15.02,132610.0,36.71,48682.0,2.16,"","","","","","","",286034.0,4869.0,4923.0,10.0,15.0,10.0,22.0,137469.0,23268.0,112885.0,"","","","","","","","",10077.0,21.94,9828.0,1087.0,58.0,349.0,685.0,"","",6.0,55.15,60.69,74902.0,50.04,66979.0,18236.0,12.3,9215.0,13.47,9021.0,12.85,"","","","","","",120990.0,64122.0,56868.0,17093.0,9383.0,7710.0,"","","","","","","","","","","",279791.0,136137.0,95.2,285378.0,1.1,3421.0,1.7,5109.0,2.8,91.2,273217.0,7.3,21947.0,16255.0,5672.0,8530.0,"","","","","",11.01,3300.0,440000.0,131000.0,6.0,27.0,13.0,421600.0,4627.0,15.44,"",1.41,"","","","","","","",36.0,"",378.48,113400.0,0.31,9.0,35663.0,8339.0,79.0,18.01,6.16
"Paris (greater city)","","","","","","","","","","","","","",100.0,"",4188.0,21.7,20.86,17.28,16.4,1.05,14.75,3.46,4.5,4574512.0,40.51,1853147.0,2.23,6.65,301622.0,11.96,541894.0,27.73,1256976.0,24.0,10179090.0,24380.0,29900.0,10.5,16.5,"","",5168908.0,947567.0,4125216.0,19.57,895447.0,78.56,3593800.0,43.43,1986934.0,1087608.0,1364133.0,35070.0,37.0,371009.0,2529.0,"",477604.0,365560.0,4979.0,6707.0,115.0,63.61,67.63,2709584.0,59.98,2652538.0,609212.0,10.91,295491.0,11.83,313721.0,11.36,786145.0,394614.0,391530.0,5172659.0,2602349.0,2570309.0,4596507.0,2325298.0,2271209.0,704722.0,352734.0,351988.0,3831.0,330157.0,5298886.0,269036.0,1144379.0,429694.0,340872.0,108834.0,954931.0,1406531.0,310621.0,10353710.0,4993407.0,83.1,8609019.0,3.8,398598.0,13.0,1346093.0,16.9,74.0,7659703.0,26.0,2694007.0,452208.0,2241799.0,1744691.0,9232265.0,762216.0,70733.0,18994.0,61103.0,20.14,208555.0,35526645.0,7971090.0,345.0,539.0,339.0,71423725.0,352012.0,33.39,"",6.9,"",35.7,3.3,3.4,7.8,49.9,39.0,44.0,27.0,356.17,3687726.0,0.17,175.0,722207.0,223247.0,"","",9.1
"Porto (greater city)","","","","","","","","","","","","","","","",517.58,"","","","","","","","",394196.0,24.66,97221.0,2.43,2.47,9721.0,46.36,182734.0,16.42,64721.0,15.02,957662.0,"","","","","","",485998.0,161357.0,33410.0,"",146188.0,"",228480.0,61.01,240503.0,24980.0,125711.0,7779.0,43.2,393896.0,"",11.0,257052.1,232100.02,1967.34,2541.36,5.0,"","",232708.0,"",229268.0,50546.0,9.95,23158.0,11.95,27388.0,10.94,59617.0,32866.0,26751.0,446251.0,219748.0,226503.0,397252.0,197439.0,199813.0,49000.0,26887.0,22113.0,3600.0,56061.0,159548.0,27792.0,159514.0,33845.0,6004.0,11510.0,122892.0,45458.0,20620.0,1017569.0,481423.0,99.6,967110.0,0.9,8935.0,6.4,62966.0,7.3,92.0,893342.0,7.6,73768.0,17404.0,56364.0,71901.0,831408.0,81512.0,34046.0,3077.0,1596.0,14.83,14955.0,2353806.0,4018326.0,26.0,"","",1861226.0,23163.0,23.75,807915.0,1.91,1053311.0,63.7,0.96,0.29,11.05,22.16,64.66,25.21,"","","",0.22,22.0,254262.0,213077.0,"",36.0,""
"Praha","","","","",20.0,0.0,22.8,3908.0,22.8,24.7,78609000.0,2.94,1.0,1.0,97.0,438.8,11.36,10.06,12.12,9.8,1.51,12.56,32.55,10.03,571621.0,38.47,219905.0,2.12,6.92,39580.0,11.22,64119.0,21.87,125020.0,31.66,1214106.0,6607.0,7619.0,4.0,5.0,4.0,9.0,587832.0,83700.0,498289.0,14.58,83354.0,84.43,482608.0,40.24,230020.0,37529.0,265051.0,65454.0,22.08,45664.0,1254.0,99.0,1080.0,2128.0,"","",22.0,59.86,64.67,335251.0,55.39,309392.0,9435.0,7.02,4600.0,6.59,4800.0,6.81,"","","",723025.0,396322.0,326703.0,676706.0,371113.0,305593.0,110100.0,52152.0,47798.0,"","","","","","","","","","","",1275406.0,623121.0,87.0,1080546.0,3.6,44084.0,9.6,118707.0,13.1,85.7,1063790.0,15.1,188010.0,63663.0,124144.0,162791.0,"","","","","",16.03,19900.0,1800000.0,3150000.0,82.0,78.0,62.0,12948091.0,77972.0,62.8,"",10.43,"","","","","","","",38.0,"",540.67,671335.0,0.13,17.0,142617.0,24291.0,224.0,21.87,6.96
"Prešov","","","","","","","","","","",3766228.0,2.79,"",90.6,96.0,41.69,6.81,7.96,9.06,3.97,0.64,5.47,30.68,35.42,28509.0,"",5655.0,"","",926.0,"",2593.0,"",7074.0,"",88718.0,"","","","","","",32028.0,5797.0,24780.0,"",5346.0,"",23155.0,"",23559.0,155.0,757.0,"",18.4,1354.0,"","",239058.0,96394.0,"",1668.0,0.0,"","",22838.0,"",20827.0,6065.0,"",3304.0,"",2761.0,"",6072.0,3297.0,2775.0,42789.0,22372.0,20417.0,35130.0,19171.0,17712.0,5424.0,2912.0,2512.0,337.0,10702.0,42799.0,3166.0,11917.0,745.0,603.0,706.0,3778.0,8807.0,2038.0,83897.0,40176.0,98.7,83698.0,0.8,707.0,0.4,368.0,1.3,95.2,80779.0,4.5,3778.0,2242.0,1536.0,1075.0,"","",819.0,59.0,42.0,16.65,1473.0,98795.0,35556.0,4.0,1.0,9.0,50241.0,2022.0,22.86,34035.0,0.57,16206.0,"","","","","","",19.2,"",292.63,24822.0,0.11,1.0,30709.0,9707.0,15.4,16.6,5.11
"Rijeka","","","","","","","","","","",22692000.0,1.91,"",90.6,89.0,42.9,"","","","","","","","",46871.0,35.75,16758.0,2.17,3.72,1738.0,12.67,5919.0,23.57,11007.0,15.79,101651.0,"","","","","","",47964.0,"","","","","","",91.32,42654.0,1780.0,5402.0,170.0,27.0,10345.0,27.0,129.0,192322.0,63250.0,1796.0,2748.0,8.0,64.78,74.08,31242.0,56.87,28232.0,2796.0,3.54,1107.0,5.98,1689.0,4.7,8087.0,5076.0,3011.0,54985.0,28309.0,26676.0,52865.0,27219.0,25646.0,9241.0,4327.0,2587.0,112.0,6630.0,58817.0,3002.0,17553.0,1847.0,3020.0,681.0,8040.0,14710.0,3222.0,102415.0,47670.0,99.0,112466.0,0.3,300.0,0.7,821.0,1.0,84.1,95517.0,15.9,18073.0,2415.0,15657.0,1123.0,"","","","","",17.35,1777.0,205461.0,178897.0,11.0,11.0,4.0,185088.0,4905.0,42.57,48729.0,1.61,136359.0,"","","","","","","","",495.76,50773.0,0.29,3.0,"","",0.0,48.0,9.0
"Roma","","","","",21.57,0.57,26.1,4503.0,38.5,26.6,267639987.0,1.19,"","","",1642.83,3.83,14.54,8.25,6.34,2.14,4.79,49.48,10.63,1341918.0,40.58,459366.0,2.03,6.82,77253.0,"","",42.51,481177.0,16.06,2726733.0,"","","","","","",1137391.0,1259649.0,"",102.42,1159402.0,"","",71.55,809937.0,"",241249.0,11886.0,40.43,118531.0,"","","","","","",21.0,54.05,61.59,689333.0,47.41,620241.0,109720.0,7.79,53710.0,9.03,56009.0,8.38,316962.0,163232.0,153730.0,1239420.0,646927.0,592493.0,1134184.0,595389.0,538795.0,294679.0,152858.0,141821.0,"",65912.0,1069348.0,71453.0,360421.0,104612.0,51270.0,18168.0,267238.0,182970.0,47628.0,2747290.0,1307642.0,87.1,2393204.0,3.6,98491.0,9.3,255595.0,12.9,85.3,2342311.0,14.7,404979.0,99436.0,305543.0,354086.0,"","","","","","","","",23305990.0,"",264.0,"",42705319.0,299983.0,109.02,11405303.0,15.52,31300016.0,54.63,10.07,0.5,6.97,27.81,64.7,44.74,"",675.65,1859222.0,0.49,134.0,238494.0,48727.0,320.0,"",7.4
"Rotterdam (greater city)","","","","",4.0,0.0,6.5,1972.0,30.6,21.0,"",1.64,100.0,100.0,100.0,5394.0,"","","","","","","","",615719.0,44.09,271448.0,2.04,5.96,36726.0,13.65,84070.0,21.83,134404.0,27.33,1254432.0,23000.0,28100.0,16.5,18.4,"","",599420.0,227829.0,371591.0,"","","","","","","","","","",28805.0,"","","","","","",395.0,62.08,67.3,368302.0,57.1,335178.0,32377.0,4.49,16543.0,4.72,15834.0,4.6,98000.0,58000.0,40000.0,632483.0,331324.0,301160.0,610001.0,320541.0,289458.0,99370.0,54773.0,44597.0,200.0,47800.0,692000.0,32300.0,190600.0,23300.0,21500.0,5600.0,135800.0,211600.0,17300.0,1274944.0,628854.0,88.3,1125759.0,5.9,74603.0,5.8,74582.0,11.7,54.7,697312.0,25.8,328829.0,70798.0,258031.0,149185.0,"","","","","","","","","",28.0,47.0,24.0,1458000.0,8034.0,13.04,"",2.36,"","","","","","","","","",413.86,527642.0,0.19,24.0,204196.0,87752.0,1646.5,"",""
"Split (greater city)","","","","","","","","","","",22015000.0,1.57,"",90.1,98.0,69.9,"","","","","","","","",67813.0,27.18,18429.0,2.64,3.63,2146.0,9.84,5819.0,32.0,18920.0,11.34,178909.0,"","","","","","",60068.0,"","","","","","",93.27,55140.0,101.0,4786.0,151.0,25.0,15338.0,47.0,196.0,343893.0,143764.0,3087.0,4460.0,5.0,64.46,75.07,54297.0,55.26,46117.0,7904.0,3.73,2025.0,12.75,5879.0,7.87,9911.0,5722.0,4189.0,83975.0,43060.0,40915.0,79019.0,42755.0,36264.0,11315.0,4902.0,3630.0,254.0,8646.0,84000.0,7239.0,24961.0,2826.0,2765.0,846.0,10509.0,20840.0,5114.0,180568.0,85301.0,99.6,166376.0,0.1,199.0,0.3,540.0,0.4,89.4,149397.0,10.6,17718.0,2357.0,15361.0,740.0,"","","","","",20.08,3625.0,418265.0,484357.0,10.0,15.0,6.0,811912.0,25299.0,150.32,114248.0,4.82,697664.0,"","","","","","","","",435.32,78605.0,0.11,2.0,"","",17.0,60.0,9.0
"Szeged","",23.1,-1.3,837.6,"",0.0,12.0,"",18.0,25.1,9652320.0,1.96,94.97,97.82,93.07,43.0,"","","","","","","","",71875.0,41.48,29814.0,2.14,5.46,3921.0,16.53,11881.0,20.49,14729.0,26.62,153658.0,"","","","","","",88894.0,24919.0,54708.0,"","",2.82,2133.0,80.9,61260.0,3777.0,10742.0,1413.0,32.34,16381.0,142.0,"",134744.85,95563.71,1271.37,1721.36,0.0,58.22,66.59,41915.0,51.35,41090.0,1349.0,1.78,665.0,1.88,684.0,1.83,11462.0,6212.0,5250.0,78538.0,39579.0,38959.0,75305.0,37841.0,37464.0,11058.0,6092.0,4966.0,1383.0,13576.0,94746.0,6823.0,23802.0,5159.0,1750.0,1027.0,10609.0,25938.0,4675.0,157930.0,73684.0,97.0,153119.0,0.9,1487.0,2.1,3324.0,3.0,88.6,139964.0,11.4,17966.0,4994.0,12972.0,4811.0,144680.0,7873.0,4778.0,362.0,1104.0,18.59,2936.0,431067.0,103697.0,8.0,24.0,"",234998.0,6737.0,42.04,293116.0,1.47,58118.0,"","","","","","","","",385.24,60841.0,0.44,7.0,"","",61.0,24.29,6.58
"Valencia (greater city)","","","","","","","","","","","","","","","","","","","","","","","","",576719.0,28.51,164416.0,2.53,3.69,21294.0,12.06,69562.0,26.82,154677.0,13.77,1456635.0,"",27127.01,"","","","",697542.0,"","","","","","","","","","","","","","",90.67,253459.0,179304.0,1423.0,1799.0,18.0,57.96,64.53,388889.0,51.96,367849.0,92013.0,11.18,43496.0,13.19,48517.0,12.16,98831.0,52993.0,45838.0,726142.0,372968.0,353174.0,640156.0,332789.0,307367.0,83534.0,45979.0,37555.0,4004.0,44705.0,717453.0,40980.0,198993.0,28204.0,10325.0,11491.0,107243.0,231133.0,40375.0,1474632.0,709368.0,84.3,1242420.0,3.8,55357.0,12.0,176855.0,15.7,77.7,1145643.0,21.3,314580.0,46983.0,267597.0,232212.0,1309011.0,73582.0,26159.0,8109.0,47823.0,21.13,30423.0,4303338.0,"","",66.0,"","","","","","","","","","","","","","","",390.5,575845.0,0.14,21.0,"","","","",""
"Warszawa",7.0,21.1,-1.0,519.0,9.0,0.0,40.5,3312.0,24.3,31.6,270122500.0,0.98,"","","",806.5,"","","","","","","","",774611.0,37.08,287219.0,2.18,3.63,28087.0,14.84,114979.0,22.36,173170.0,16.22,1685535.0,"","","","","","",1077508.0,"","","","","","","","","","",22940.0,34.1,113780.0,1266.0,"",738655.0,2058.0,"","",22.0,"","","","","",18188.0,"",9580.0,"",8608.0,"","","","","","","","","","","","","",830.0,84567.0,1381473.0,44718.0,237902.0,68856.0,98597.0,26700.0,157694.0,211925.0,21194.0,1861599.0,859624.0,99.0,1691740.0,0.2,2585.0,0.4,6287.0,0.5,97.4,1664719.0,2.1,35893.0,13472.0,22421.0,8872.0,"","","","","",19.55,36393.0,6645080.0,12999882.0,26.0,265.0,34.0,2336943.0,31769.0,17.06,"",1.26,"","","","","","","","","",845.97,1574854.0,0.16,29.0,"","",773.4,24.4,4.47
"Wien (greater city)","","","","",24.6,0.0,20.0,4775.0,20.8,23.4,"","","","","","","","","","","","","","",865157.0,44.72,386922.0,2.03,4.95,42841.0,13.56,117357.0,21.02,181862.0,23.56,1752782.0,"","",14.65,21.58,8.8,28.45,984540.0,"","","","","","","","","","","","","","","","","","","","",60.34,65.99,475673.0,55.21,438271.0,112145.0,13.2,62784.0,11.26,49361.0,12.27,101266.0,57431.0,43835.0,868199.0,449570.0,418629.0,761957.0,390369.0,371588.0,88775.0,48852.0,39923.0,"","",1018087.0,"","","","","","","","",1766746.0,850596.0,75.8,1338533.0,10.2,180934.0,14.0,247279.0,24.2,67.8,1198565.0,32.2,568181.0,215824.0,352357.0,428213.0,"","","","","","","","","","","","",13440328.0,70150.0,39.71,"",7.61,"","","","","","","","","","","",0.12,21.0,"","","","",""
"Zagreb","","","","",3.0,0.0,39.0,"",35.0,"",114712000.0,2.51,"",95.3,92.0,250.0,"","","","","","","","",299343.0,32.29,96648.0,2.51,3.75,11651.0,10.92,33896.0,28.18,87484.0,13.32,751999.0,"","","","","","",314567.0,"","","","","","",90.9,282164.0,915.0,27231.0,1653.0,28.0,91606.0,350.0,180.0,195743.0,78803.0,1795.0,2830.0,35.0,60.01,64.8,192227.0,55.95,195673.0,10977.0,3.35,6442.0,2.32,4535.0,2.83,46129.0,27168.0,18962.0,377720.0,185999.0,191721.0,367231.0,179762.0,187469.0,54389.0,23933.0,17633.0,9186.0,79127.0,644298.0,35402.0,170092.0,46194.0,30110.0,5758.0,87769.0,153391.0,27269.0,760020.0,355284.0,99.3,802403.0,0.2,1285.0,0.5,4444.0,0.7,82.3,665269.0,17.7,142862.0,14756.0,128107.0,5730.0,"","","","","",16.0,12162.0,1567355.0,912318.0,78.0,340.0,20.0,780077.0,22096.0,27.39,239906.0,0.97,540171.0,"","","","","","","","",390.42,296727.0,0.36,27.0,"","",427.0,53.0,8.0
"Zurich (greater city)","","","","","","","","","","","","","","","","","","","","","","","","",339560.0,41.89,142244.0,2.07,2.71,9292.35,11.85,40237.0,21.52,73087.0,"",703247.0,"","","","","","",374486.0,25729.0,348757.0,7.28,24224.0,92.72,316990.0,14.64,49529.32,"",288680.33,"",41.23,1321.0,"",256.8,"","","","",1.0,69.97,75.02,228124.0,64.89,201097.75,20098.31,6.17,10295.38,6.14,9802.93,6.15,57259.21,30907.22,26351.99,408782.59,216438.78,192343.81,389585.09,206807.03,182778.06,54104.13,29028.48,25075.65,860.0,31816.0,744832.0,24722.0,137955.0,65426.0,78724.0,11628.0,175683.0,178490.0,39528.0,725893.0,364497.0,65.1,472643.0,22.6,163972.0,12.3,89278.0,34.9,55.6,403674.0,44.4,322219.0,160447.0,161772.0,253250.0,"","","","","",16.13,11634.0,1742045.0,1877500.0,17.0,104.0,"",5739471.0,27731.47,38.46,1877978.0,7.96,3861493.0,26.83,1.05,6.77,4.94,60.41,27.88,39.9,16.28,407.99,294192.0,0.26,19.0,238202.43,62484.9,"",91.0,35.0
"Łódź",5.0,20.1,-0.9,521.0,12.0,0.0,80.3,4102.0,22.6,38.9,39169600.0,1.0,"","","",275.1,6.36,17.59,12.29,6.61,1.64,7.44,36.49,11.59,324891.0,33.6,109149.0,2.23,4.03,13100.0,15.42,50085.0,22.15,71969.0,18.2,722980.0,"","","","","","",381270.0,"","","","","","","","","","",43100.0,32.5,24665.0,428.0,"",86136.0,1046.0,"","",20.0,"","","","","",14892.0,"",7779.0,"",7113.0,"","","","","","","","","","","","","",80.0,55527.0,332466.0,6295.0,54743.0,8644.0,13068.0,4335.0,33232.0,62786.0,4592.0,652015.0,297627.0,100.4,727609.0,0.0,322.0,0.1,961.0,0.2,99.0,717648.0,1.6,11244.0,6064.0,5180.0,1283.0,"","","","","",9.88,6445.0,1638920.0,782530.0,7.0,67.0,17.0,552829.0,6758.0,10.04,"",0.82,"","","","","","","","","",681.02,444038.0,0.29,19.0,"","",245.3,21.12,3.47
